5VI6,PDB,FFXX,4,
1L5G,PDB,RGDfX,5,
1TK2,PDB,VXLfPVXLfP,10,
2BCD,PDB,XVXXX,5,
2WFJ,PDB,aXXXXXXXVXA,11,
3AVB,PDB,SLKIDNLD,8,
3WNE,PDB,PKIDNG,6,
4ZQW,PDB,SXKEYALSGRELT,13,
5N99,PDB,NQpWQ,5,
5XN3,PDB,RGDINNNV,8,
BIHXUL10,CSD,PVFFAG,6,
BUNYEO10,CSD,PPGPLG,6,
CGDLLL10,CSD,GlLGlL,6,
CGLEGL,CSD,GLGGLG,6,
CGPSAQ,CSD,GPSaP,5,
CLPGDH,CSD,LFGlfG,6,
DEWFEQ,CSD,VPGVPGVPGVPG,12,
DICWET,CSD,GGsGGS,6,
DUPKEE,CSD,FPaFPa,6,
DUTLAF10,CSD,VPPFFVPPFF,10,
EVAPUM,CSD,YPPIGVAA,8,
FILPEW,CSD,APGVGVAPGVGV,12,
FOLWOT,CSD,TPIIILPP,8,
FUDWIK,CSD,GPfGV,5,
GAJDUQ,CSD,pFTFWF,6,
GEHKUC,CSD,XVaLX,5,
GIPKAR10,CSD,PPFFLIILV,9,
GOKZOX,CSD,pFFPFF,6,
GUFXOU,CSD,PFFpAA,6,
JEHMAK,CSD,GYGPLP,6,
JINGAO,CSD,AGPFAGPF,8,
JUXHAL,CSD,IPIFPYP,7,
KARPIE,CSD,GSPSWLV,7,
LACSUD,CSD,AIPFNSL,7,
LETPIM,CSD,LVLPILLLV,9,
NUCZUH,CSD,WPISFVP,7,
PAPRVA,CSD,fPVfPV,6,
PHLEGL10,CSD,FlGFLG,6,
SAFVOM,CSD,MLIPPFFVI,9,
TALVAD,CSD,SFLPVNL,7,
UNONES,CSD,LLILl,5,
UZUKUW,CSD,AGLATFPP,8,
VAWTAQ,CSD,GPLTLF,6,
VEGROO,CSD,LFGfLG,6,
VUGMEP,CSD,pFASFF,6,
XOPZEH,CSD,fFfFfF,6,
YEXJIV,CSD,APGFVS,6,
YOMNOE,CSD,PGLVIY,6,
ZAJPAB,CSD,AGVPVW,6,
ZOHMIS,CSD,PLIFSPI,7,
ZORRED,CSD,GYGPLIL,7,
ZUKRAY,CSD,GTFLYV,6,